{
  "baseline_cv": {
    "random_forest": {
      "roc_auc_mean": 0.7958,
      "roc_auc_std": 0.0312,
      "avg_precision_mean": 0.4499,
      "avg_precision_std": 0.0538
    },
    "gradient_boosting": {
      "roc_auc_mean": 0.7875,
      "roc_auc_std": 0.029,
      "avg_precision_mean": 0.4477,
      "avg_precision_std": 0.0599
    },
    "logistic_regression": {
      "roc_auc_mean": 0.7948,
      "roc_auc_std": 0.0307,
      "avg_precision_mean": 0.4456,
      "avg_precision_std": 0.0622
    }
  },
  "tuned_cv": {
    "random_forest": {
      "best_params": {
        "n_estimators": 200,
        "min_samples_leaf": 5,
        "max_features": "sqrt",
        "max_depth": 4
      },
      "best_cv_roc_auc": 0.8071
    },
    "gradient_boosting": {
      "best_params": {
        "min_samples_leaf": 30,
        "max_iter": 300,
        "max_depth": 3,
        "learning_rate": 0.05,
        "l2_regularization": 0.1
      },
      "best_cv_roc_auc": 0.7992
    },
    "logistic_regression": {
      "best_params": {
        "clf__max_iter": 2000,
        "clf__C": 0.01
      },
      "best_cv_roc_auc": 0.7948
    }
  },
  "tuned_test": {
    "random_forest": {
      "roc_auc": 0.832,
      "avg_precision": 0.4795,
      "brier_score": 0.1179,
      "calibration_mae_vs_true_probability": 0.2955,
      "classification_report": {
        "0": {
          "precision": 0.9863138686131386,
          "recall": 0.9314147854557987,
          "f1-score": 0.9580785252149251,
          "support": 5803.0
        },
        "1": {
          "precision": 0.23461538461538461,
          "recall": 0.6192893401015228,
          "f1-score": 0.3403068340306834,
          "support": 197.0
        },
        "accuracy": 0.9211666666666667,
        "macro avg": {
          "precision": 0.6104646266142616,
          "recall": 0.7753520627786608,
          "f1-score": 0.6491926796228042,
          "support": 6000.0
        },
        "weighted avg": {
          "precision": 0.9616331017218792,
          "recall": 0.9211666666666667,
          "f1-score": 0.9377950213543759,
          "support": 6000.0
        }
      }
    },
    "gradient_boosting": {
      "roc_auc": 0.8361,
      "avg_precision": 0.4916,
      "brier_score": 0.1166,
      "calibration_mae_vs_true_probability": 0.2903,
      "classification_report": {
        "0": {
          "precision": 0.9862938596491229,
          "recall": 0.9300361881785284,
          "f1-score": 0.957339246119734,
          "support": 5803.0
        },
        "1": {
          "precision": 0.23106060606060605,
          "recall": 0.6192893401015228,
          "f1-score": 0.33655172413793105,
          "support": 197.0
        },
        "accuracy": 0.9198333333333333,
        "macro avg": {
          "precision": 0.6086772328548644,
          "recall": 0.7746627641400257,
          "f1-score": 0.6469454851288325,
          "support": 6000.0
        },
        "weighted avg": {
          "precision": 0.9614970344896331,
          "recall": 0.9198333333333333,
          "f1-score": 0.9369567224813314,
          "support": 6000.0
        }
      }
    },
    "logistic_regression": {
      "roc_auc": 0.8116,
      "avg_precision": 0.4597,
      "brier_score": 0.1448,
      "calibration_mae_vs_true_probability": 0.3226,
      "classification_report": {
        "0": {
          "precision": 0.9867814940917284,
          "recall": 0.8490435981388936,
          "f1-score": 0.9127454612819563,
          "support": 5803.0
        },
        "1": {
          "precision": 0.1300893743793446,
          "recall": 0.6649746192893401,
          "f1-score": 0.21760797342192692,
          "support": 197.0
        },
        "accuracy": 0.843,
        "macro avg": {
          "precision": 0.5584354342355365,
          "recall": 0.7570091087141169,
          "f1-score": 0.5651767173519416,
          "support": 6000.0
        },
        "weighted avg": {
          "precision": 0.9586534361611717,
          "recall": 0.843,
          "f1-score": 0.889921780430552,
          "support": 6000.0
        }
      }
    }
  },
  "ensemble_test": {
    "roc_auc": 0.8316,
    "avg_precision": 0.4866,
    "brier_score": 0.1228,
    "calibration_mae_vs_true_probability": 0.3028,
    "classification_report": {
      "0": {
        "precision": 0.9861954721148537,
        "recall": 0.9233155264518352,
        "f1-score": 0.9537201851192595,
        "support": 5803.0
      },
      "1": {
        "precision": 0.21516754850088182,
        "recall": 0.6192893401015228,
        "f1-score": 0.3193717277486911,
        "support": 197.0
      },
      "accuracy": 0.9133333333333333,
      "macro avg": {
        "precision": 0.6006815103078678,
        "recall": 0.771302433276679,
        "f1-score": 0.6365459564339753,
        "support": 6000.0
      },
      "weighted avg": {
        "precision": 0.9608800552895284,
        "recall": 0.9133333333333333,
        "f1-score": 0.9328924107689258,
        "support": 6000.0
      }
    }
  },
  "gb_optimal_threshold": {
    "threshold": 0.9086,
    "f1_at_threshold": 0.5215
  },
  "feature_importances_random_forest_tuned": {
    "methane_ppm": 0.22407799244178062,
    "pressure_hpa": 0.6350361291781921,
    "latitude": 0.07912699138497256,
    "longitude": 0.06175888699505481
  },
  "n_train": 24000,
  "n_test": 6000,
  "positive_prevalence_train": 0.03283333333333333,
  "positive_prevalence_test": 0.03283333333333333
}