{
  "baseline_cv": {
    "random_forest": {
      "roc_auc_mean": 0.774,
      "roc_auc_std": 0.0336,
      "avg_precision_mean": 0.4491,
      "avg_precision_std": 0.0576
    },
    "gradient_boosting": {
      "roc_auc_mean": 0.7731,
      "roc_auc_std": 0.0309,
      "avg_precision_mean": 0.4413,
      "avg_precision_std": 0.0582
    },
    "logistic_regression": {
      "roc_auc_mean": 0.7862,
      "roc_auc_std": 0.0382,
      "avg_precision_mean": 0.4627,
      "avg_precision_std": 0.0627
    }
  },
  "tuned_cv": {
    "random_forest": {
      "best_params": {
        "n_estimators": 200,
        "min_samples_leaf": 5,
        "max_features": "sqrt",
        "max_depth": 4
      },
      "best_cv_roc_auc": 0.7899
    },
    "gradient_boosting": {
      "best_params": {
        "min_samples_leaf": 10,
        "max_iter": 500,
        "max_depth": 3,
        "learning_rate": 0.2,
        "l2_regularization": 0.0
      },
      "best_cv_roc_auc": 0.7897
    },
    "logistic_regression": {
      "best_params": {
        "clf__C": 0.1
      },
      "best_cv_roc_auc": 0.7863
    }
  },
  "tuned_test": {
    "random_forest": {
      "roc_auc": 0.7832,
      "avg_precision": 0.4166,
      "brier_score": 0.1204,
      "calibration_mae_vs_true_probability": 0.3013,
      "classification_report": {
        "0": {
          "precision": 0.9836444444444444,
          "recall": 0.9534723418921247,
          "f1-score": 0.9683234161708085,
          "support": 5803.0
        },
        "1": {
          "precision": 0.28,
          "recall": 0.5329949238578681,
          "f1-score": 0.36713286713286714,
          "support": 197.0
        },
        "accuracy": 0.9396666666666667,
        "macro avg": {
          "precision": 0.6318222222222223,
          "recall": 0.7432336328749964,
          "f1-score": 0.6677281416518378,
          "support": 6000.0
        },
        "weighted avg": {
          "precision": 0.9605414518518519,
          "recall": 0.9396666666666667,
          "f1-score": 0.9485843264773962,
          "support": 6000.0
        }
      }
    },
    "gradient_boosting": {
      "roc_auc": 0.7923,
      "avg_precision": 0.411,
      "brier_score": 0.114,
      "calibration_mae_vs_true_probability": 0.2781,
      "classification_report": {
        "0": {
          "precision": 0.9847533632286996,
          "recall": 0.9460623815267964,
          "f1-score": 0.9650202144489366,
          "support": 5803.0
        },
        "1": {
          "precision": 0.2635294117647059,
          "recall": 0.5685279187817259,
          "f1-score": 0.36012861736334406,
          "support": 197.0
        },
        "accuracy": 0.9336666666666666,
        "macro avg": {
          "precision": 0.6241413874967028,
          "recall": 0.7572951501542612,
          "f1-score": 0.6625744159061403,
          "support": 6000.0
        },
        "weighted avg": {
          "precision": 0.9610731768222984,
          "recall": 0.9336666666666666,
          "f1-score": 0.945159607011293,
          "support": 6000.0
        }
      }
    },
    "logistic_regression": {
      "roc_auc": 0.7833,
      "avg_precision": 0.4152,
      "brier_score": 0.1408,
      "calibration_mae_vs_true_probability": 0.3191,
      "classification_report": {
        "0": {
          "precision": 0.9843538728993626,
          "recall": 0.8781664656212304,
          "f1-score": 0.9282331511839709,
          "support": 5803.0
        },
        "1": {
          "precision": 0.14094775212636695,
          "recall": 0.5888324873096447,
          "f1-score": 0.22745098039215686,
          "support": 197.0
        },
        "accuracy": 0.8686666666666667,
        "macro avg": {
          "precision": 0.5626508125128648,
          "recall": 0.7334994764654374,
          "f1-score": 0.5778420657880639,
          "support": 6000.0
        },
        "weighted avg": {
          "precision": 0.9566620386006491,
          "recall": 0.8686666666666667,
          "f1-score": 0.9052241365763063,
          "support": 6000.0
        }
      }
    }
  },
  "ensemble_test": {
    "roc_auc": 0.793,
    "avg_precision": 0.4211,
    "brier_score": 0.1215,
    "calibration_mae_vs_true_probability": 0.2995,
    "classification_report": {
      "0": {
        "precision": 0.9842688594923132,
        "recall": 0.9488195760813373,
        "f1-score": 0.9662191804860928,
        "support": 5803.0
      },
      "1": {
        "precision": 0.2684729064039409,
        "recall": 0.5532994923857868,
        "f1-score": 0.3615257048092869,
        "support": 197.0
      },
      "accuracy": 0.9358333333333333,
      "macro avg": {
        "precision": 0.626370882948127,
        "recall": 0.751059534233562,
        "f1-score": 0.6638724426476899,
        "support": 6000.0
      },
      "weighted avg": {
        "precision": 0.9607668923659116,
        "recall": 0.9358333333333333,
        "f1-score": 0.9463650780347043,
        "support": 6000.0
      }
    }
  },
  "gb_optimal_threshold": {
    "threshold": 0.8986,
    "f1_at_threshold": 0.4971
  },
  "feature_importances_random_forest_tuned": {
    "methane_ppm": 0.5850954205748097,
    "pressure_hpa": 0.3518364564689524,
    "latitude": 0.01814822343258154,
    "longitude": 0.044919899523656395
  },
  "n_train": 24000,
  "n_test": 6000,
  "positive_prevalence_train": 0.03275,
  "positive_prevalence_test": 0.03283333333333333
}