{
  "baseline_cv": {
    "random_forest": {
      "roc_auc_mean": 0.8868,
      "roc_auc_std": 0.023,
      "avg_precision_mean": 0.5587,
      "avg_precision_std": 0.0517
    },
    "gradient_boosting": {
      "roc_auc_mean": 0.8856,
      "roc_auc_std": 0.019,
      "avg_precision_mean": 0.5219,
      "avg_precision_std": 0.0509
    },
    "logistic_regression": {
      "roc_auc_mean": 0.9061,
      "roc_auc_std": 0.0306,
      "avg_precision_mean": 0.5724,
      "avg_precision_std": 0.0628
    }
  },
  "tuned_cv": {
    "random_forest": {
      "best_params": {
        "n_estimators": 300,
        "min_samples_leaf": 10,
        "max_features": "log2",
        "max_depth": 4
      },
      "best_cv_roc_auc": 0.9062
    },
    "gradient_boosting": {
      "best_params": {
        "min_samples_leaf": 5,
        "max_iter": 300,
        "max_depth": 4,
        "learning_rate": 0.01,
        "l2_regularization": 1.0
      },
      "best_cv_roc_auc": 0.8982
    },
    "logistic_regression": {
      "best_params": {
        "clf__C": 0.01
      },
      "best_cv_roc_auc": 0.9065
    }
  },
  "tuned_test": {
    "random_forest": {
      "roc_auc": 0.8604,
      "avg_precision": 0.5147,
      "brier_score": 0.0578,
      "calibration_mae_vs_true_probability": 0.1663,
      "classification_report": {
        "0": {
          "precision": 0.9929266136162688,
          "recall": 0.9590093936806149,
          "f1-score": 0.9756733275412685,
          "support": 2342.0
        },
        "1": {
          "precision": 0.30434782608695654,
          "recall": 0.7241379310344828,
          "f1-score": 0.42857142857142855,
          "support": 58.0
        },
        "accuracy": 0.9533333333333334,
        "macro avg": {
          "precision": 0.6486372198516126,
          "recall": 0.8415736623575488,
          "f1-score": 0.7021223780563485,
          "support": 2400.0
        },
        "weighted avg": {
          "precision": 0.9762859595843105,
          "recall": 0.9533333333333334,
          "f1-score": 0.9624516983161638,
          "support": 2400.0
        }
      }
    },
    "gradient_boosting": {
      "roc_auc": 0.8556,
      "avg_precision": 0.4998,
      "brier_score": 0.0568,
      "calibration_mae_vs_true_probability": 0.1673,
      "classification_report": {
        "0": {
          "precision": 0.9924678777137793,
          "recall": 0.9564474807856533,
          "f1-score": 0.974124809741248,
          "support": 2342.0
        },
        "1": {
          "precision": 0.2867132867132867,
          "recall": 0.7068965517241379,
          "f1-score": 0.4079601990049751,
          "support": 58.0
        },
        "accuracy": 0.9504166666666667,
        "macro avg": {
          "precision": 0.639590582213533,
          "recall": 0.8316720162548956,
          "f1-score": 0.6910425043731115,
          "support": 2400.0
        },
        "weighted avg": {
          "precision": 0.9754121417646008,
          "recall": 0.9504166666666667,
          "f1-score": 0.9604424983151216,
          "support": 2400.0
        }
      }
    },
    "logistic_regression": {
      "roc_auc": 0.858,
      "avg_precision": 0.5559,
      "brier_score": 0.0741,
      "calibration_mae_vs_true_probability": 0.1971,
      "classification_report": {
        "0": {
          "precision": 0.9932218707636692,
          "recall": 0.9385140905209223,
          "f1-score": 0.9650933040614709,
          "support": 2342.0
        },
        "1": {
          "precision": 0.22994652406417113,
          "recall": 0.7413793103448276,
          "f1-score": 0.3510204081632653,
          "support": 58.0
        },
        "accuracy": 0.93375,
        "macro avg": {
          "precision": 0.6115841974139201,
          "recall": 0.8399467004328749,
          "f1-score": 0.6580568561123681,
          "support": 2400.0
        },
        "weighted avg": {
          "precision": 0.974776049885098,
          "recall": 0.93375,
          "f1-score": 0.9502532090772642,
          "support": 2400.0
        }
      }
    }
  },
  "ensemble_test": {
    "roc_auc": 0.8546,
    "avg_precision": 0.5386,
    "brier_score": 0.0604,
    "calibration_mae_vs_true_probability": 0.1769,
    "classification_report": {
      "0": {
        "precision": 0.9928983577452286,
        "recall": 0.9551665243381725,
        "f1-score": 0.9736670293797606,
        "support": 2342.0
      },
      "1": {
        "precision": 0.2857142857142857,
        "recall": 0.7241379310344828,
        "f1-score": 0.4097560975609756,
        "support": 58.0
      },
      "accuracy": 0.9495833333333333,
      "macro avg": {
        "precision": 0.6393063217297572,
        "recall": 0.8396522276863276,
        "f1-score": 0.6917115634703681,
        "support": 2400.0
      },
      "weighted avg": {
        "precision": 0.9758080760044807,
        "recall": 0.9495833333333333,
        "f1-score": 0.9600391818608066,
        "support": 2400.0
      }
    }
  },
  "gb_optimal_threshold": {
    "threshold": 0.9316,
    "f1_at_threshold": 0.5905
  },
  "feature_importances_random_forest_tuned": {
    "methane_ppm": 0.3904448681544945,
    "pressure_hpa": 0.5473205014189544,
    "latitude": 0.015118471855223765,
    "longitude": 0.04711615857132724
  },
  "n_train": 9600,
  "n_test": 2400,
  "positive_prevalence_train": 0.024270833333333332,
  "positive_prevalence_test": 0.024166666666666666
}